{"cameraMode":{"drawMode":0,"name":"Shaded","section":"Shading Mode"},"sceneLighting":true,"audioPlay":false,"sceneViewState":{"m_AlwaysRefresh":false,"showFog":true,"showSkybox":true,"showFlares":true,"showImageEffects":true,"showParticleSystems":true,"showVisualEffectGraphs":true,"m_FxEnabled":true},"in2DMode":false,"pivot":{"x":-21.630826950073243,"y":-1.0030779838562012,"z":11.363110542297364},"rotation":{"x":0.26072457432746889,"y":-0.5467749834060669,"z":0.18417301774024964,"w":0.7740437388420105},"size":5.642510414123535,"orthographic":false}