{"cameraMode":{"drawMode":0,"name":"Shaded","section":"Shading Mode"},"sceneLighting":false,"audioPlay":false,"sceneViewState":{"m_AlwaysRefresh":false,"showFog":true,"showSkybox":false,"showFlares":true,"showImageEffects":true,"showParticleSystems":true,"showVisualEffectGraphs":true,"m_FxEnabled":true},"in2DMode":false,"pivot":{"x":0.46002548933029177,"y":1.0350836515426636,"z":-0.5497498512268066},"rotation":{"x":-0.0007601720280945301,"y":-0.9984228014945984,"z":0.013788208365440369,"w":-0.05485936626791954},"size":1.4174624681472779,"orthographic":false}