{"cameraMode":{"drawMode":0,"name":"Shaded","section":"Shading Mode"},"sceneLighting":false,"audioPlay":false,"sceneViewState":{"m_AlwaysRefresh":false,"showFog":true,"showSkybox":false,"showFlares":true,"showImageEffects":true,"showParticleSystems":true,"showVisualEffectGraphs":true,"m_FxEnabled":true},"in2DMode":false,"pivot":{"x":603.3171997070313,"y":452.5220947265625,"z":-0.0762999951839447},"rotation":{"x":0.27980852127075198,"y":0.10456142574548722,"z":-0.030686890706419946,"w":0.9539735317230225},"size":0.4413224756717682,"orthographic":false}